Workbook

Sheet Inputs
A1: Pipe Diameter Goal Seek - manual process being replaced
A2: Legend: blue cells are inputs the engineer edits. Black cells are formulas.
A4: Input | B4: Value | C4: Unit | D4: Note | F4: SI value
A5: Flow rate Q | B5: 50 | C5: L/s | D5: Design flow | E5: Q (m³/s) | F5: =B5/1000 -> 0.05
A6: Pipe length L | B6: 500 | C6: m | D6: Straight-run length; minor losses not included | E6: L (m) | F6: =B6 -> 500
A7: Absolute roughness ε | B7: 0.045 | C7: mm | D7: Commercial steel (typical handbook value) | E7: ε (m) | F7: =B7/1000 -> 4.5e-05
A8: Kinematic viscosity ν | B8: 1.004 | C8: mm²/s | D8: Water at 20 °C | E8: ν (m²/s) | F8: =B8*0.000001 -> 1.004e-06
A9: Target head loss h_target | B9: 10 | C9: m | D9: Allowable friction loss
A10: Tolerance | B10: 0.01 | C10: m | D10: Accept when |h_f - h_target| ≤ tolerance
A11: Gravity g | B11: 9.80665 | C11: m/s² | D11: Standard gravity

Sheet GoalSeek_Log
A1: Manual goal seek: the engineer types a trial diameter, reads h_f, and adjusts
A2: Laminar (Re < 2000): f = 64/Re. Otherwise Swamee-Jain: f = 0.25 / [log10(ε/(3.7D) + 5.74/Re^0.9)]².
A4: Trial | B4: Diameter D (mm) | C4: Velocity V (m/s) | D4: Reynolds Re | E4: ε/D | F4: Friction f | G4: Head loss h_f (m) | H4: Error |h_f - target| (m) | I4: Accept?
A5: 1 | B5: 100 | C5: =Inputs!$F$5/(PI()*(B5/1000)^2/4) -> 6.3661977 | D5: =C5*(B5/1000)/Inputs!$F$8 -> 634083.44 | E5: =Inputs!$F$7/(B5/1000) -> 0.00045 | F5: =IF(D5<2000,64/D5,0.25/(LOG10(E5/3.7+5.74/D5^0.9))^2) -> 0.017251928 | G5: =F5*(Inputs!$F$6/(B5/1000))*C5^2/(2*Inputs!$B$11) -> 178.24494 | H5: =ABS(G5-Inputs!$B$9) -> 168.24494 | I5: =IF(H5<=Inputs!$B$10,"Yes","No") -> No
A6: 2 | B6: 200 | C6: =Inputs!$F$5/(PI()*(B6/1000)^2/4) -> 1.5915494 | D6: =C6*(B6/1000)/Inputs!$F$8 -> 317041.72 | E6: =Inputs!$F$7/(B6/1000) -> 0.000225 | F6: =IF(D6<2000,64/D6,0.25/(LOG10(E6/3.7+5.74/D6^0.9))^2) -> 0.016412464 | G6: =F6*(Inputs!$F$6/(B6/1000))*C6^2/(2*Inputs!$B$11) -> 5.2991154 | H6: =ABS(G6-Inputs!$B$9) -> 4.7008846 | I6: =IF(H6<=Inputs!$B$10,"Yes","No") -> No
A7: 3 | B7: 150 | C7: =Inputs!$F$5/(PI()*(B7/1000)^2/4) -> 2.8294212 | D7: =C7*(B7/1000)/Inputs!$F$8 -> 422722.29 | E7: =Inputs!$F$7/(B7/1000) -> 0.0003 | F7: =IF(D7<2000,64/D7,0.25/(LOG10(E7/3.7+5.74/D7^0.9))^2) -> 0.016574006 | G7: =F7*(Inputs!$F$6/(B7/1000))*C7^2/(2*Inputs!$B$11) -> 22.55022 | H7: =ABS(G7-Inputs!$B$9) -> 12.55022 | I7: =IF(H7<=Inputs!$B$10,"Yes","No") -> No
A8: 4 | B8: 175 | C8: =Inputs!$F$5/(PI()*(B8/1000)^2/4) -> 2.0787584 | D8: =C8*(B8/1000)/Inputs!$F$8 -> 362333.39 | E8: =Inputs!$F$7/(B8/1000) -> 0.00025714286 | F8: =IF(D8<2000,64/D8,0.25/(LOG10(E8/3.7+5.74/D8^0.9))^2) -> 0.016453524 | G8: =F8*(Inputs!$F$6/(B8/1000))*C8^2/(2*Inputs!$B$11) -> 10.357341 | H8: =ABS(G8-Inputs!$B$9) -> 0.35734057 | I8: =IF(H8<=Inputs!$B$10,"Yes","No") -> No
A9: 5 | B9: 180 | C9: =Inputs!$F$5/(PI()*(B9/1000)^2/4) -> 1.9648758 | D9: =C9*(B9/1000)/Inputs!$F$8 -> 352268.58 | E9: =Inputs!$F$7/(B9/1000) -> 0.00025 | F9: =IF(D9<2000,64/D9,0.25/(LOG10(E9/3.7+5.74/D9^0.9))^2) -> 0.016439958 | G9: =F9*(Inputs!$F$6/(B9/1000))*C9^2/(2*Inputs!$B$11) -> 8.9891319 | H9: =ABS(G9-Inputs!$B$9) -> 1.0108681 | I9: =IF(H9<=Inputs!$B$10,"Yes","No") -> No
A10: 6 | B10: 177 | C10: =Inputs!$F$5/(PI()*(B10/1000)^2/4) -> 2.0320463 | D10: =C10*(B10/1000)/Inputs!$F$8 -> 358239.23 | E10: =Inputs!$F$7/(B10/1000) -> 0.00025423729 | F10: =IF(D10<2000,64/D10,0.25/(LOG10(E10/3.7+5.74/D10^0.9))^2) -> 0.016447736 | G10: =F10*(Inputs!$F$6/(B10/1000))*C10^2/(2*Inputs!$B$11) -> 9.7818134 | H10: =ABS(G10-Inputs!$B$9) -> 0.21818661 | I10: =IF(H10<=Inputs!$B$10,"Yes","No") -> No
A11: 7 | B11: 176.5 | C11: =Inputs!$F$5/(PI()*(B11/1000)^2/4) -> 2.0435756 | D11: =C11*(B11/1000)/Inputs!$F$8 -> 359254.07 | E11: =Inputs!$F$7/(B11/1000) -> 0.00025495751 | F11: =IF(D11<2000,64/D11,0.25/(LOG10(E11/3.7+5.74/D11^0.9))^2) -> 0.016449137 | G11: =F11*(Inputs!$F$6/(B11/1000))*C11^2/(2*Inputs!$B$11) -> 9.9219982 | H11: =ABS(G11-Inputs!$B$9) -> 0.078001769 | I11: =IF(H11<=Inputs!$B$10,"Yes","No") -> No
A12: 8 | B12: 176.2 | C12: =Inputs!$F$5/(PI()*(B12/1000)^2/4) -> 2.0505403 | D12: =C12*(B12/1000)/Inputs!$F$8 -> 359865.74 | E12: =Inputs!$F$7/(B12/1000) -> 0.0002553916 | F12: =IF(D12<2000,64/D12,0.25/(LOG10(E12/3.7+5.74/D12^0.9))^2) -> 0.016449992 | G12: =F12*(Inputs!$F$6/(B12/1000))*C12^2/(2*Inputs!$B$11) -> 10.007273 | H12: =ABS(G12-Inputs!$B$9) -> 0.0072730917 | I12: =IF(H12<=Inputs!$B$10,"Yes","No") -> Yes
A14: Note: each row is one manual guess. There is no iteration limit and no record of why a guess was chosen - the Python tool automates and documents this.
